V1,V2,response
sex,dm_treatment,"To determine which cause-and-effect relationship is more plausible between changing sex and changing diabetes mellitus treatment (dm_treatment), let’s consider what each variable represents and how changes in these variables can reasonably be expected to occur based on their definitions.

### Step 1: Understanding the Variables

1. **Sex**: This variable is defined as the participant-reported biological sex (female or male). Generally, biological sex is considered a stable characteristic that does not change frequently. Changes in biological sex as recorded in medical or other formal contexts could involve legal or medical alterations such as those observed in transgender individuals undergoing sex reassignment.

2. **Dm_treatment**: This represents the type of treatment an individual receives for diabetes mellitus, categorized as oral hypoglycemic agents or a combination of oral hypoglycemic agents and insulin. This treatment is typically selected based on clinical factors including the severity of diabetes, effectiveness of current treatment, and patient health status.

### Step 2: Evaluating Causality Directions

**A. Changing sex causes a change in dm_treatment**: 
- The direction implied here is that a change in the participant’s biological sex could lead to a change in how diabetes is treated. While there are scenarios where hormonal therapy and other treatments associated with sex reassignment could necessitate adjustments in various medical treatments (including potentially diabetes treatment due to changes in hormone levels and body composition), such cases are specific and less common.

**B. Changing dm_treatment causes a change in sex**: 
- This suggests that modifying the type of diabetes treatment would cause a change in the biological sex of the individual. Medically and biologically, this is not feasible. Treatments for diabetes, including oral medications and insulin, do not influence or change an individual's biological sex.

### Step 3: Drawing Conclusions

Given the definitions and the typical medical understanding of these variables:
- **Option A** might be plausible in rare and specific medical contexts where sex reassignment and related treatments could impact the broader management of chronic conditions like diabetes.
- **Option B** is implausible as dm_treatment does not and cannot cause changes in a person's biological sex.

### Final Decision

Considering the explanations above, the more likely and medically reasonable cause-and-effect relationship is:

<**A**>"
dm_treatment,fatigue,"To determine which cause-and-effect relationship is more likely, we can analyze the definitions and the logic behind how one variable could influence the other. Let’s break down each relationship step by step:

### A. Changing dm_treatment causes a change in fatigue
1. **Understanding dm_treatment**: This variable represents the type of diabetes mellitus treatment the patient is undergoing. This could include an oral hypoglycemic agent, a combination of oral hypoglycemic agents, or a combination of oral hypoglycemic agents and insulin. Changes in treatment can occur due to a variety of reasons such as changes in disease status, side effects, or doctor’s advice.
   
2. **Potential Impact on Fatigue**: Different diabetes treatments might have varying side effects and impacts on a patient's metabolic state. For example, some treatments might affect blood sugar levels more dramatically than others. Since fatigue in diabetes patients can be linked to blood sugar fluctuations, changing the treatment might lead to a change in fatigue levels, either increasing or decreasing them.

### B. Changing fatigue causes a change in dm_treatment
1. **Understanding Fatigue**: Fatigue here is measured based on patient reports at the time of the survey. It indicates a subjective feeling of tiredness, which can be influenced by various factors, including diabetes management, other health conditions, sleep quality, or physical activity.

2. **Potential Impact on dm_treatment**: If a patient reports increased fatigue, this might prompt a healthcare provider to review their current diabetes management strategy, including treatment. The idea here is that if a patient feels more fatigued, it might be a sign that the current treatment is not optimal or needs adjustment. However, it's less direct than the effect of treatment on fatigue because fatigue can be caused by many factors not necessarily related to diabetes treatment directly.

### Logical Causality and Medical Understanding
- **Direct Influence**: Changing dm_treatment has a more direct influence on fatigue because medical treatments are designed to alter physiological states directly, and these changes can lead to side effects like fatigue.
- **Indirect Influence**: Changes in fatigue influencing dm_treatment is more of an indirect pathway, where the change in symptoms might prompt a reconsideration of treatment, but it’s not a guarantee that treatment will change. Moreover, fatigue could prompt a review of many aspects of health, not just dm_treatment.

Given these analyses, the more likely cause-and-effect relationship based on direct influence and specific targeting in treatment is:

**A. Changing dm_treatment causes a change in fatigue.**

So, the final answer within the tags is:
**A**"
